,refID,doi,pubmed_id,title,authors,journal,year,month,day,pub_decade,Reported_SiC,Reported_Category,Reported_Data
23,"Bonaventura, G 2019",10.1038/s41598-019-48041-3,31395932,Biocompatibility between Silicon or Silicon Carbide surface and Neural Stem Cells,"Bonaventura, G and Iemmolo, R and La Cognata, V and Zimbone, M and La Via, F and Fragala, ME and Barcellona, ML and Pellitteri, R and Cavallaro, S",Scientific reports,2019,8.0,8.0,2010,['3C-SiC'],['Neural'],"['Material Properties', 'Fabrication', 'In Vitro']"
73,"Frewin, C 2009",10.1002/jmr.966,19585542,Atomic force microscopy analysis of central nervous system cell morphology on silicon carbide and diamond substrates,"Frewin, CL and Jaroszeski, M and Weeber, E and Muffly, KE and Kumar, A and Peters, M and Oliveros, A and Saddow, SE",Journal of molecular recognition : JMR,2009,9.0,,2000,['3C-SiC'],['Neural'],"['Material Properties', 'Benchtop', 'In Vitro']"
81,"Geramifard, N 2022b",10.3390/mi13101692,36296045,A Novel 3D Helical Microelectrode Array for In Vitro Extracellular Action Potential Recording,"Geramifard, N and Lawson, J and Cogan, SF and Black, BJ",Micromachines,2022,10.0,8.0,2020,['a-SiC'],['Neural'],"['Fabrication', 'Benchtop', 'In Vitro']"
134,"Lin, C 2020",10.3390/mi11121064,33266050,Bio-Compatibility and Bio-Insulation of Implantable Electrode Prosthesis Ameliorated by A-174 Silane Primed Parylene-C Deposited Embedment,"Lin, CY and Lou, WS and Chen, JC and Weng, KY and Shih, MC and Hung, YW and Chen, ZY and Wang, MC",Micromachines,2020,11.0,30.0,2020,['a-SiC'],['Neural'],"['Animal', 'Benchtop', 'In Vitro', 'Ex Vivo']"
165,"Nguyen, T 2022a",10.1021/acsnano.2c03188,35816450,"Integrated, Transparent Silicon Carbide Electronics and Sensors for Radio Frequency Biomedical Therapy","Nguyen, TK and Yadav, S and Truong, TA and Han, M and Barton, M and Leitch, M and Guzman, P and Dinh, T and Ashok, A and Vu, H and Dau, V and Haasmann, D and Chen, L and Park, Y and Do, TN and Yamauchi, Y and Rogers, JA and Nguyen, NT and Phan, HP",ACS nano,2022,7.0,26.0,2020,['3C-SiC'],['Neural'],"['Animal', 'Material Properties', 'Fabrication', 'Benchtop', 'In Vitro', 'Ex Vivo']"
166,"Nguyen, T 2022b",10.1073/pnas.2203287119,35939711,"Wide bandgap semiconductor nanomembranes as a long-term biointerface for flexible, implanted neuromodulator","Nguyen, TK and Barton, M and Ashok, A and Truong, TA and Yadav, S and Leitch, M and Nguyen, TV and Kashaninejad, N and Dinh, T and Hold, L and Yamauchi, Y and Nguyen, NT and Phan, HP",Proceedings of the National Academy of Sciences of the United States of America,2022,8.0,16.0,2020,['Other'],"['Neural', 'Biosensors']","['Animal', 'Material Properties', 'Fabrication', 'Benchtop', 'In Vitro']"
181,"Saddow, S 2014a",10.1149/06107.0101ecst,<NA>,3C-SiC on Si: A Biocompatible Material for Advanced Bioelectronic Devices,"Saddow, SE and Frewin, CL and Reyes, M and Register, J and Nezafati, M and Thomas, S",Micromachines,2014,5.0,14.0,2010,['3C-SiC'],"['Neural', 'Biosensors']","['Animal', 'Material Properties', 'Fabrication', 'Benchtop', 'In Vitro', 'Ex Vivo']"
182,"Saddow, S 2014b",10.1109/NMDC.2014.6997419,<NA>,3C-SiC on Si: A bio- and hemo-compatible material for advanced nano-bio devices,"Saddow, S. E. and Frewin, C. L. and Nezafati, M. and Oliveros, A. and Afroz, S. and Register, J. and Reyes, M. and Thomas, S.",2014 IEEE 9th Nanotechnology Materials and Devices Conference (NMDC),2014,12.0,29.0,2010,"['a-SiC', '3C-SiC']","['Neural', 'Biosensors']","['Animal', 'Fabrication', 'Benchtop', 'In Vitro', 'Ex Vivo']"
200,"Vomero, M 2017b",10.1002/adbi.201700081,<NA>,Incorporation of Silicon Carbide and Diamond-Like Carbon as Adhesion Promoters Improves In Vitro and In Vivo Stability of Thin-Film Glassy Carbon Electrocorticography Arrays,"Vomero, M and Castagnola, E and Ordonez, JS and Carli, S and Zucchini, E and Maggiolini, E and Gueli, C and Goshi, N and Ciarpella, F and Cea, C and Fadiga, L and Ricci, D and Kassegne, S and Stieglitz, T",ADVANCED BIOSYSTEMS,2017,11.0,,2010,['a-SiC'],['Neural'],"['Animal', 'Material Properties', 'Fabrication', 'Benchtop', 'In Vitro']"
